onset	duration	bloc_type	bloc_typeCode
5.014978	11.25	Scenes 	2
16.267	11.25	Scrambled 	4
27.51895	11.25	Scrambled 	4
38.75448	11.25	Faces 	1
50.00623	11.25	Scrambled 	4
61.25816	11.25	Objects 	3
72.51015	11.25	Objects 	3
83.76221	11.25	Scenes 	2
95.01412	11.25	Scenes 	2
106.2661	11.25	Objects 	3
117.5182	11.25	Faces 	1
128.7561	11.25	Faces 	1
140.0063	11.25	Scenes 	2
151.2575	11.25	Faces 	1
162.5094	11.25	Objects 	3
173.7615	11.25	Scrambled 	4
185.0134	11.25	Baseline 	0
