onset	duration	bloc_type	bloc_typeCode
5.01229	11.25	Scrambled 	4
16.2642	11.25	Scenes 	2
27.51621	11.25	Scenes 	2
38.76816	11.25	Scrambled 	4
50.01134	11.25	Objects 	3
61.26149	11.25	Faces 	1
72.51159	11.25	Faces 	1
83.76181	11.25	Scrambled 	4
95.012	11.25	Scrambled 	4
106.2635	11.25	Faces 	1
117.5154	11.25	Objects 	3
128.7674	11.25	Objects 	3
140.0193	11.25	Scenes 	2
151.2628	11.25	Faces 	1
162.513	11.25	Scenes 	2
173.7632	11.25	Objects 	3
185.0134	11.25	Baseline 	0
