onset	duration	bloc_type	bloc_typeCode
5.013925	11.25	Faces 	1
16.26594	11.25	Scrambled 	4
27.5179	11.25	Scrambled 	4
38.75759	11.25	Faces 	1
50.00775	11.25	Scenes 	2
61.25791	11.25	Objects 	3
72.50917	11.25	Scrambled 	4
83.76123	11.25	Scenes 	2
95.01312	11.25	Scrambled 	4
106.2651	11.25	Objects 	3
117.5171	11.25	Objects 	3
128.7691	11.25	Faces 	1
140.009	11.25	Objects 	3
151.2593	11.25	Scenes 	2
162.5094	11.25	Scenes 	2
173.7604	11.25	Faces 	1
185.0124	11.25	Baseline 	0
